"","chas","n","media_medv","mediana","sd"
"1",0,471,22.0938428874735,20.9,8.83136240957791
"2",1,35,28.44,23.3,11.8166432976345
