"","suburbio","medv","lstat","crim","rm"
"1",399,5,30.59,38.3518,5.453
"2",406,5,22.98,67.9208,5.683
"3",401,5.6,26.77,25.0461,5.987
"4",400,6.3,29.97,9.91655,5.852
"5",415,7,36.98,45.7461,4.519
"6",490,7,23.97,0.18337,5.414
"7",386,7.2,30.81,16.8118,5.277
"8",402,7.2,20.32,14.2362,6.343
"9",416,7.2,29.05,18.0846,6.434
"10",388,7.4,31.99,22.5971,5
